id_partida,fecha,equipo_1,equipo_2,puntuacion_1,puntuacion_2,mapa,torneo,duracion_minutos
Match-00344,25/11/2025,Thunder Esports,Raptors GG,8.0,4.0,Mirage,Cyberleague temporada Primera,48.0
Match-00320,4/3/26,Nova Squad,Arctic Foxes,1.0,15.0,Bind,Copa nacional,34.0
Match-00140,17/12/25,Eclipse,Arctic Foxes,14.0,14.0,Vértigo,Cyberleague temporada Primera,
Match-00077,25-dic-2026,Iron Bears,Raptors GG,3.0,13.0,Ascnet,Open Qualifier,28.0
Match-00053,2025-10-28,Thunder Esports,Vortex Club,0.0,10.0,Mirage,Cyber league Segunda,49.0
Match-00124,"julio 5, 2025",Byte Force,Vortex Club,10.0,2.0,Bind,Copa nac.,0.0
Match-00104,"enero 5, 2025",Quantum Five,Iron Bears,0.0,5.0,Nuke,Copa nacional,26.0
Match-00364,22-01-2026,Neon Strikers,Phoenix Rising,1.0,3.0,Dust_2,Copa nacional,20.0
Match-00021,07/05/2026,Eclipse,Raptors GG,9.0,16.0,Ascent,Masters,72.0
Match-00146,23/11/2026,Shadow Legion,Titan Esports,5.0,14.0,Overpass,Open Qualifier,67.0
Match-00164,18/06/2025,Neon Strikers,Quantum Five,14.0,5.0,Vértigo,Masters series,999.0
Match-00322,2025-04-10,Omega Team,Dark Wolves,7.0,8.0,Dust2,Cyberleague Segunda,66.0
Match-00308,10/11/25,Omega Team,Titan Esports,7.0,4.0,Inferno,Open Qualifier,43.0
Match-00179,22/02/2026,Phoenix Rising,Zenith,11.0,7.0,Inferno,Qualifier,66.0
Match-00119,15 de agosto de 2026,Raptors GG,Blaze Team,0.0,1.0,Overpass,Copa nacional,38.0
Match-00170,19-09-2025,Stomr Gaming,Thunder Esports,1.0,1.0,Overpass,Masters series,56.0
Match-00114,"febrero 16, 2025",Cyber Dragons,Titan Esports,3.0,1.0,Dust_2,Cyber league Segunda,56.0
Match-00109,25-jun-2025,Blaze Team,Iron Bears,7.0,5.0,Vértigo,Cyberleague Segunda,51.0
Match-00167,14-04-2026,Omega Team,Neon Strikers,12.0,10.0,Overpass,Cyberleague temporada Primera,65.0
Match-00303,"agosto 2, 2025",Storm Gaming,Blaze Team,14.0,9.0,Bind,Open,30.0
Match-00165,25-10-2025,Dark Wolves,Neon Strikers,4.0,4.0,Nuke,Cyberleague Segunda,48.0
Match-00111,16-dic-2025,Zenith,Blaze Team,5.0,11.0,Overpas,Open Qualifier,40.0
Match-00095,21-nov-2026,Quantum Five,Tita Esports,5.0,9.0,Vértigo,Open,42.0
Match-00097,2026-10-17,Vortex Club,Iron Bears,13.0,5.0,Ascent,Grand finals,31.0
Match-00058,2025-02-24,Titan Esports,Blaze Team,0.0,14.0,Bind,Grand finals,
Match-00367,22 de junio de 2026,Phoenix Rising,Ratpors GG,7.0,15.0,Dust_2,Grand finals,45.0
Match-00350,"febrero 10, 2025",Phoenix Rising,Vortex Club,13.0,7.0,Dust2,Open,59.0
Match-00093,16-jul-2025,Cyber Dragons,Crystal Gaming,16.0,10.0,Dust_2,Cyberleague Segunda,70.0
Match-00305,"mayo 25, 2026",Crystal Gaming,Nova Squad,8.0,7.0,Ascent,Grand finals,62.0
Match-00178,2026-10-13,Vortex Club,Neon Strikers,7.0,6.0,Overpass,Grand finals,53.0
Match-00270,01/09/2025,Omgea Team,Vortex Club,14.0,5.0,Vértigo,Cyberleague Primera,70.0
Match-00026,2026-09-04,Quantum Five,Byte Force,999.0,9.0,Haeven,Cyber league Segunda,46.0
Match-00404,11 de octubre de 2026,Thunder Esports,Dark Wolves,8.0,15.0,Haven,Copa nacional,31.0
Match-00242,5-ago-2025,Dark Wolves,Thunder Esports,4.0,9.0,Nuke,Copa nacional,74.0
Match-00101,1/5/25,Omgea Team,Zenith,16.0,4.0,Over pass,Sin datos,42.0
Match-00293,10 de octubre de 2025,Eclipse,Neon srtikers,16.0,4.0,Inferno,Copa nacional,27.0
Match-00062,2025-12-24,Byte Force,Nova Squad,6.0,13.0,Nuke,Grand finals,61.0
Match-00018,09/04/2025,Zenith,Dark Wolves,14.0,16.0,Ascnet,Grand final,45.0
Match-00067,21-ago-2025,Thunder Esports,Vortex Club,11.0,12.0,Ancient,Qualifier,34.0
Match-00231,16/05/2026,Cyberd Dragons,Iron Bears,7.0,4.0,Inferno,Cyberleague Primera,999.0
Match-00379,24/11/26,Iron Bears,Arctic Foxes,2.0,14.0,Vértigo,Cyberleague Segunda,75.0
Match-00343,23-abr-2026,Byte Force,Neon Strikers,4.0,15.0,Ancient,Grand finals,72.0
Match-00375,10 de julio de 2025,Dark Wolves,Tita Esports,0.0,12.0,Haeven,Grand finals,41.0
Match-00139,13 de septiembre de 2025,Zenith,Dark Wolves,12.0,16.0,Nuke,Open Qualifier,0.0
Match-00083,12-07-2026,Phoenix Rising,Titan Esports,1.0,6.0,Inferno,Copa nacional,53.0
Match-00401,12/9/26,Arctic Foxes,Crystal Gaming,5.0,14.0,Ancient,Cyberleague Primera,27.0
Match-00132,11-03-2026,Phoenix Rising,Blaze Team,4.0,2.0,Overpass,Cyberleague temporada Segunda,66.0
Match-00338,22-dic-2026,Arctic Foxes,Quantumfive,8.0,6.0,Nuke,Qualifier,20.0
Match-00247,14 de agosto de 2025,Neon Strikers,Tita Esports,1.0,15.0,Nuke,Copa nacional,54.0
Match-00120,19 de septiembre de 2026,Phoenix Rising,Arctic Foxes,4.0,3.0,Ancient,Open Qualifier,22.0
Match-00162,26-12-2025,Cyberd Dragons,Thunder Esports,10.0,2.0,Inferno,Masters,70.0
Match-00185,07/11/2025,Nova Squad,Byte Force,1.0,12.0,Haven,Copa nacional,62.0
Match-00023,"noviembre 11, 2025",Storm Gaming,Dark Wolves,0.0,15.0,Vértigo,Masters series,38.0
Match-00156,22/1/26,Crystal Gaming,Neon Strikers,2.0,10.0,Dust Segunda,Copa nacional,
Match-00283,23-jun-2026,Crystal Gaming,Shadow Legion,11.0,7.0,Inferno,Copa nacional,29.0
Match-00212,19/4/26,Nova Squad,Dark Wolves,5.0,8.0,Vértigo,Grand finals,32.0
Match-00391,13/8/25,Thnuder Esports,Byte Force,8.0,15.0,Inferno,Masters series,64.0
Match-00046,23 de marzo de 2026,Eclipse,Quantum Five,5.0,4.0,Haeven,Qualifier,26.0
Match-00082,28/4/26,Shadow Legion,Crystal Gaming,9.0,6.0,Sin datos,Cyberleague Season Primera,22.0
Match-00081,14/10/25,Phoenix Rising,Neon srtikers,2.0,8.0,Mirage,Masters,34.0
Match-00345,2025-05-15,Crystal Gaming,Neon Strikers,0.0,1.0,Sin datos,Grand finals,69.0
Match-00378,2025-06-16,Eclipse,Shadow Legion,1.0,3.0,Sin datos,Cyberleague Primera,52.0
Match-00184,13/1/26,Raptors GG,Byte Force,3.0,11.0,Ancient,Cyber league Segunda,41.0
Match-00020,01-11-2026,Vortex Club,Zenith,4.0,5.0,Ancient,Cyberleague Season Primera,58.0
Match-00026,2026-09-04,Quantum Five,Byte Force,999.0,9.0,Haeven,Cyber league Segunda,46.0
Match-00315,13/07/2025,Dark Wolves,Blaze Team,13.0,7.0,Dust_2,Copa nacional,75.0
Match-00143,24/05/2026,Shadow Legion,Dark Wolves,9.0,5.0,Bind,Copa nacional,27.0
Match-00272,13/12/26,Phoenix Rising,Titan Esports,15.0,9.0,Haeven,Masters series,59.0
Match-00158,9 de junio de 2025,Titan Esports,Blaze Team,9.0,7.0,Ascent,Open Qualifier,0.0
Match-00268,"abril 21, 2025",Crystal Gaming,Nova Squad,15.0,16.0,Haeven,Grand finals,
Match-00310,18/11/26,Vortex Club,Titan Esports,8.0,14.0,Dust2,Gran final,20.0
Match-00281,20 de octubre de 2025,Zenith,Iron Bears,1.0,16.0,Inferno,Cyberleague Season Primera,
Match-00025,"mayo 14, 2025",Storm Gaming,Raptors GG,11.0,8.0,Nuke,Grand final,57.0
Match-00262,28/4/25,Cyber Dragons,Neon Strikers,5.0,5.0,Ascent,Cyber league Primera,67.0
Match-00134,2025-11-19,Crystal Gaming,Cyber Dragons,10.0,2.0,Bind,Cyberleague Segunda,55.0
Match-00243,8-oct-2026,Arctic Foxes,Shado Legion,7.0,3.0,Over pass,Grand final,29.0
Match-00403,28/4/26,Raptors GG,Crystal Gaming,9.0,6.0,Sin datos,Cyberleague Season Primera,22.0
Match-00012,"marzo 27, 2026",Byte Force,Zenith,8.0,10.0,Nuke,Grand finals,999.0
Match-00150,7-nov-2025,Omega Team,Blaze Team,8.0,2.0,Nuke,Cyberleague Primera,39.0
Match-00317,2026-08-24,Crystal Gaming,Vortex Club,14.0,5.0,Ascnet,Masters,0.0
Match-00163,2026-04-27,Iron Bears,Raptors GG,13.0,13.0,Inferno,Copa nac.,56.0
Match-00107,22-07-2025,Neon Strikers,Thunder Esports,10.0,5.0,Nuke,Master series,60.0
Match-00155,28/12/26,Cyber Dragons,Storm Gaming,9.0,10.0,Ascent,Master series,
Match-00172,17 de agosto de 2026,Nova Squad,Blaze Team,10.0,13.0,Dust_2,Masters,42.0
Match-00106,"abril 27, 2025",Byte Force,Blaze Team,12.0,0.0,Haven,Cyberleague Segunda,27.0
Match-00168,"marzo 10, 2025",Thunder Esports,Ratpors GG,4.0,0.0,Ascent,Masters series,24.0
Match-00076,"febrero 3, 2026",Iron Bears,Dark Wolves,4.0,0.0,Ancient,Qualifier,69.0
Match-00394,8 de diciembre de 2025,Cyber Dragons,Eclipse,13.0,11.0,Nuke,Gran final,53.0
Match-00201,15/8/25,Zenith,Quantum Five,12.0,5.0,Vértigo,Cyberleague temporada Primera,70.0
Match-00099,27-sep-2025,Arctic Foxes,Iron baers,0.0,1.0,Mirage,Cyber league Segunda,62.0
Match-00017,23/05/2026,Dark Wolves,Thunder Esports,12.0,4.0,Mirage,Cyberleague Primera,69.0
Match-00302,2025-11-26,Blaze Team,Neon Strikers,9.0,13.0,Nuke,Qualifier,48.0
Match-00257,2026-07-24,Ratpors GG,Titan Esports,8.0,2.0,Bind,Grand final,999.0
Match-00376,13/09/2025,Arctic Foxes,Nova Squad,4.0,10.0,Nuke,Gran final,68.0
Match-00086,8 de diciembre de 2025,Byte Force,Eclipse,13.0,11.0,Nuke,Gran final,53.0
Match-00373,27/5/25,Thunder Esports,Zenith,15.0,14.0,Ascent,Cyber league Segunda,29.0
Match-00015,9-ago-2025,Noav Squad,Storm Gaming,0.0,10.0,Dust_2,Grand finals,72.0
Match-00386,17-06-2025,Nova Squad,Nova Squad,8.0,16.0,Inferno,Cyberleague Segunda,32.0
Match-00043,23 de agosto de 2025,Nova Squad,Blaze Team,14.0,3.0,Vértigo,Qualifier,26.0
Match-00214,26 de marzo de 2026,Zenith,Eclipse,13.0,4.0,Haven,Copa nacional,
Match-00063,"noviembre 18, 2025",Blaze Team,Dark Wolves,9.0,2.0,Ancient,Masters series,36.0
Match-00207,14-jun-2026,Phoenix Rising,Voretx Club,10.0,10.0,Ancient,Grand finals,51.0
Match-00117,2025-09-14,Blaze Team,Shadow Legion,11.0,14.0,Ancient,Gran final,64.0
Match-00056,13-jun-2025,Quantum Five,Storm Gaming,12.0,8.0,Dust Segunda,Grand final,17.0
Match-00013,19-10-2026,Crystal Gaming,Zenith,13.0,3.0,Dust2,Grand final,46.0
Match-00130,11/2/26,Storm Gaming,Eclipse,2.0,5.0,Ancient,Grand final,32.0
Match-00216,18/8/26,Dark Wolves,Nova Squad,3.0,0.0,Vértigo,Copa nacional,70.0
Match-00297,18/10/2026,Neon Strikers,Blaze Team,1.0,16.0,Inferno,Cyberleague Segunda,32.0
Match-00037,23-jul-2026,Raptors GG,Eclipse,13.0,5.0,Haeven,Copa nac.,27.0
Match-00198,26-mar-2026,Nova Squad,Storm Gaming,5.0,7.0,Over pass,Open,25.0
Match-00224,19 de abril de 2025,Phoenix Rising,Cyber Dragons,5.0,11.0,Inferno,Open Qualifier,21.0
Match-00280,16 de abril de 2025,Neon Strikers,Vortex Club,999.0,11.0,Inferno,Open Qualifier,69.0
Match-00226,2026-10-06,Crystal Gaming,Iron Bears,3.0,5.0,Ascnet,Grand finals,73.0
Match-00369,7 de abril de 2025,Neon srtikers,Crystal Gaming,2.0,3.0,Ancient,Cyberleague Segunda,30.0
Match-00001,05-06-2025,Blaze Team,Neon Strikers,13.0,15.0,Ascent,Copa nacional,61.0
Match-00197,2025-06-09,Cyber Dragons,Iron Bears,10.0,4.0,Nuke,Gran final,999.0
Match-00145,21 de enero de 2025,Titan Esports,Dark Wolves,1.0,5.0,Mirage,Cyberleague Segunda,74.0
Match-00007,4 de abril de 2025,Thunder Esports,Vortex Club,999.0,15.0,Overpas,Copa nacional,3.0
Match-00115,01-02-2025,Omega Team,Stomr Gaming,15.0,2.0,Vértigo,Grand finals,999.0
Match-00360,23/5/25,Titan Esports,Zenith,16.0,12.0,Mirage,Masters,57.0
Match-00032,13/8/25,Phoenix Rising,Byte Force,8.0,15.0,Inferno,Masters series,64.0
Match-00054,2025-06-03,Arctic Foxes,Crystal Gaming,16.0,7.0,Vértigo,Open Qualifier,31.0
Match-00239,02/05/2025,Byte Force,Blaze Team,12.0,7.0,Nuke,Copa nacional,
Match-00399,27-12-2025,Arctic Foxes,Zenith,4.0,6.0,Overpas,Masters,20.0
Match-00121,7/10/25,Arctic Foxes,Byte Force,10.0,15.0,Vértigo,Masters,31.0
Match-00244,05/05/2025,Eclipse,Dark Wolves,8.0,8.0,Nuke,Cyberleague Segunda,62.0
Match-00160,"diciembre 15, 2025",Zenith,Quantum Five,14.0,9.0,Mirage,Cyber league Primera,63.0
Match-00219,10/05/2026,Omega Team,Zenith,2.0,16.0,Ascent,Cyber league Primera,32.0
Match-00199,"julio 19, 2025",Eclipse,Storm Gaming,4.0,0.0,Nuke,Copa nacional,0.0
Match-00078,1/9/26,Phoenix Rising,Quantum Five,6.0,10.0,Ancient,Cyber league Primera,46.0
Match-00144,08/08/2025,Iron Bears,Blaze Team,15.0,14.0,Dust2,Qualifier,46.0
Match-00301,"febrero 9, 2025",Iron Bears,Thunder Esports,10.0,14.0,Ancient,Masters series,55.0
Match-00173,19/08/2025,Blaze Team,Vortex Club,1.0,9.0,Dust2,Grand finals,16.0
Match-00016,2025-08-25,Storm Gaming,Cyberd Dragons,8.0,13.0,Over pass,Grand final,58.0
Match-00287,13-06-2025,Arctic Foxes,Byte Force,16.0,9.0,Dust_2,Open Qualifier,
Match-00148,20 de diciembre de 2025,Crystal Gaming,Byte Force,13.0,10.0,Haeven,Grand final,36.0
Match-00361,24-abr-2026,Omega Team,Cyberd Dragons,9.0,0.0,Overpas,Gran final,3.0
Match-00057,3-sep-2025,Dark Wolves,Nova Squad,5.0,999.0,Nuke,Copa nacional,60.0
Match-00060,26-may-2025,Byte Force,Raptors GG,2.0,9.0,Ancient,Cyberleague Primera,68.0
Match-00324,23-07-2025,Cyber Dragons,Storm Gaming,10.0,13.0,Nuke,Open Qualifier,0.0
Match-00135,27-12-2025,Eclipse,Zenith,4.0,6.0,Overpas,Masters,20.0
Match-00105,26-may-2026,Iron Bears,Titan Esports,11.0,14.0,Ascent,Masters series,64.0
Match-00336,07/05/2025,Shadow Legion,Storm Gaming,9.0,16.0,Inferno,Master series,24.0
Match-00189,11-jul-2026,Quantum Five,Storm Gaming,10.0,3.0,Inferno,Cyber league Segunda,63.0
Match-00024,17 de junio de 2025,Storm Gaming,Blaze Team,5.0,5.0,Haven,Grand finals,38.0
Match-00276,"enero 17, 2025",Quantum Five,Iron Bears,13.0,999.0,Nuke,Grand final,55.0
Match-00307,13/06/2025,Neon Strikers,Raptors GG,0.0,3.0,Bind,Open Qualifier,49.0
Match-00166,1 de octubre de 2026,Arctic Foxes,Zenith,16.0,12.0,Ascent,Cyberleague Season Primera,74.0
Match-00038,"julio 25, 2025",Blaze Team,Zenith,0.0,4.0,Mirage,Open Qualifier,
Match-00050,23/1/25,Shadow Legion,Nova Squad,6.0,1.0,Overpass,Cyber league Segunda,
Match-00071,16-06-2026,Storm Gaming,Thunder Esports,0.0,16.0,Bind,Copa nacional,28.0
Match-00010,02-09-2026,Thunder Esports,Eclipse,16.0,13.0,Vértigo,Cyberleague Segunda,54.0
Match-00213,13 de junio de 2025,Quantum Five,Crystal gamnig,13.0,11.0,Dust Segunda,Grand finals,44.0
Match-00279,10/8/25,Quantum Five,Iron Bears,6.0,1.0,Inferno,Masters series,21.0
Match-00334,19-01-2025,Thunder Esports,Arctic Foxes,4.0,4.0,Ascnet,Open,41.0
Match-00059,21/8/26,Storm Gaming,Arctic Foxes,13.0,10.0,Bind,Masters,
Match-00321,2025-03-27,Nova Squad,Eclipse,11.0,0.0,Nuke,Masters,24.0
Match-00152,24-oct-2025,Eclipse,Dark Wolves,0.0,6.0,Ancient,Copa nacional,56.0
Match-00233,04/07/2026,Thunder Esports,Blaze Team,14.0,10.0,Dust_2,Cyberleague Primera,74.0
Match-00314,13 de enero de 2025,Blaze Team,Neon Strikers,2.0,4.0,Inferno,Cyberleague Primera,23.0
Match-00355,"julio 14, 2025",Eclipse,Cyberd Dragons,9.0,4.0,Haven,Cyberleague temporada Primera,55.0
Match-00333,19 de marzo de 2025,Zenith,Blaze Team,9.0,0.0,Dust_2,Copa nacional,51.0
Match-00057,3-sep-2025,Dark Wolves,Nova Squad,5.0,999.0,Nuke,Copa nacional,60.0
Match-00122,25-ene-2025,Dark Wolves,Quantum Five,11.0,13.0,Bind,Cyber league Primera,46.0
Match-00222,2025-12-10,Zenith,Thunder Esports,3.0,7.0,Ascent,Cyberleague Segunda,28.0
Match-00332,2026-10-26,Tita Esports,Crystal Gaming,14.0,14.0,Nuke,Open,41.0
Match-00256,01-03-2025,Titan Esports,Zenith,8.0,7.0,Sin datos,Masters series,59.0
Match-00068,08-11-2026,Raptors GG,Omega Team,5.0,16.0,Ancient,Cyberleague Season Primera,28.0
Match-00290,07/10/2025,Storm Gaming,Neon Strikers,14.0,3.0,Ascnet,Open Qualifier,29.0
Match-00072,24-jun-2025,Omgea Team,Neon Strikers,15.0,15.0,Nuke,Masters series,50.0
Match-00298,26/02/2026,Titan Esports,Voretx Club,999.0,12.0,Vértigo,Master series,0.0
Match-00357,2025-11-19,Omega Team,Eclipse,13.0,1.0,Haven,Copa nacional,27.0
Match-00131,22 de junio de 2025,Iron Bears,Raptors GG,11.0,9.0,Mirage,Cyberleague temporada Primera,35.0
Match-00313,4-abr-2026,Phoenix Rising,Quantum Five,999.0,10.0,Ascnet,Copa nacional,73.0
Match-00159,13-jul-2025,Neon Strikers,Eclipse,14.0,11.0,Dust Segunda,Cyberleague Primera,39.0
Match-00371,2025-04-09,Raptors GG,Blaze Team,9.0,2.0,Bind,Cyberleague Segunda,27.0
Match-00260,2025-05-17,Eclipse,Arctic Foxes,13.0,5.0,Over pass,Open Qualifier,40.0
Match-00388,18 de mayo de 2025,Byet Force,Byte Force,7.0,11.0,Haven,Copa nacional,29.0
Match-00125,"abril 16, 2026",Cyber Dragons,Shadow Legion,6.0,16.0,Haven,Open Qualifier,35.0
Match-00232,"octubre 4, 2025",Noav Squad,Cyber Dragons,16.0,15.0,Overpass,Qualifier,70.0
Match-00075,08-02-2026,Nova Squad,Iron baers,5.0,4.0,Vértigo,Qualifier,26.0
Match-00275,21 de febrero de 2026,Raptors GG,Dark Wolves,13.0,15.0,Ascnet,Cyberleague temporada Primera,67.0
Match-00346,26 de febrero de 2025,Nova Squad,Titan Esports,5.0,1.0,Inferno,Cyber league Segunda,46.0
Match-00282,12-nov-2025,Crystal Gaming,Iron Bears,4.0,3.0,Inferno,Cyberleague temporada Segunda,74.0
Match-00285,26-dic-2026,Cyber Dragons,Quantum Five,9.0,13.0,Dust_2,Grand finals,45.0
Match-00300,04/07/2025,Shadow Legion,Phoenix Rising,4.0,13.0,Dust2,Copa nac.,40.0
Match-00329,21/5/25,Phoenix Rising,Titan Esports,11.0,2.0,Haven,Cyberleague Segunda,38.0
Match-00309,2025-09-16,Raptors GG,Neon Strikers,6.0,5.0,Overpass,Qualifier,24.0
Match-00014,13-05-2026,Arctic Foxes,Blaze Team,15.0,1.0,Ascnet,Masters series,31.0
Match-00306,6/11/26,Phoenix Rising,Crystal Gaming,15.0,12.0,Dust2,Cyberleague Season Primera,54.0
Match-00176,06-01-2026,Omega Team,Dark Wolves,12.0,15.0,Over pass,Cyberleague temporada Primera,39.0
Match-00265,18-feb-2026,Arctic Foxes,Omgea Team,12.0,2.0,Dust2,Grand finals,45.0
Match-00204,14-11-2025,Nova Squad,Raptors GG,1.0,2.0,Over pass,Qualifier,43.0
Match-00089,11 de octubre de 2026,Thnuder Esports,Dark Wolves,8.0,15.0,Haven,Copa nacional,31.0
Match-00359,"octubre 19, 2025",Zenith,Cyber Dragons,0.0,3.0,Overpas,Cyberleague Segunda,69.0
Match-00210,4 de mayo de 2025,Zenith,Blaze Team,12.0,15.0,Mirage,Open Qualifier,69.0
Match-00349,25-11-2025,Raptors GG,Cyber Dragons,5.0,2.0,Ascent,Cyber league Segunda,41.0
Match-00266,25 de noviembre de 2025,Shadow Legion,Eclipse,3.0,9.0,Bind,Copa nacional,51.0
Match-00234,23/5/26,Shadow Legion,Crystal Gaming,15.0,3.0,Bind,Cyberleague temporada Segunda,56.0
Match-00034,18/01/2026,Omega Team,Zenith,6.0,15.0,Over pass,Cyberleague Segunda,3.0
Match-00100,21 de agosto de 2026,Thnuder Esports,Shadow Legion,13.0,16.0,Vértigo,Open Qualifier,60.0
Match-00387,2025-04-10,Cyber Dragons,Cyber Dragons,8.0,14.0,Ascent,Cyber league Segunda,47.0
Match-00186,1 de abril de 2026,Zenith,Titan Esports,7.0,999.0,Sin datos,Cyberleague Primera,44.0
Match-00126,12-jun-2026,Eclipse,Omega Team,0.0,9.0,Ascent,Cyberleague temporada Segunda,30.0
Match-00103,9 de noviembre de 2025,Storm Gaming,Thunder Esports,8.0,13.0,Vértigo,Grand final,32.0
Match-00200,8/8/25,Raptors GG,Crystal Gaming,0.0,13.0,Inferno,Masters series,33.0
Match-00196,"diciembre 14, 2025",Nova Squad,Storm Gaming,12.0,7.0,Inferno,Cyberleague Segunda,24.0
Match-00193,12 de octubre de 2026,Titan Esports,Neon Strikers,16.0,7.0,Ancient,Cyberleague Primera,49.0
Match-00084,13-08-2026,Vortex Club,Storm Gaming,0.0,8.0,Vértigo,Cyber league Segunda,
Match-00033,24-09-2026,Vortex Club,Cyber Dragons,3.0,9.0,Bind,Cyber league Primera,27.0
Match-00289,19/12/26,Phoenix Rising,Iron Bears,7.0,11.0,Ascent,Cyberleague temporada Segunda,39.0
Match-00175,20/3/25,Crystal Gaming,Dark Wolves,15.0,13.0,Ascent,Cyber league Primera,69.0
Match-00205,26 de junio de 2025,Thunder Esports,Arctic Foxes,6.0,14.0,Haven,Open Qualifier,25.0
Match-00127,28-dic-2025,Storm Gaming,Titan Esports,3.0,1.0,Ascent,Cyberleague Segunda,35.0
Match-00141,7-dic-2026,Phoenix Rising,Titan Esports,2.0,8.0,Haven,Open Qualifier,40.0
Match-00331,"mayo 27, 2025",Thunder Esports,Vortex Club,12.0,12.0,Dust2,Copa nacional,72.0
Match-00228,28 de mayo de 2026,Zenith,Storm Gaming,6.0,2.0,Ancient,Master series,73.0
Match-00031,06-09-2025,Cyber Dragons,Storm Gaming,11.0,1.0,Dust Segunda,Open Qualifier,44.0
Match-00251,2026-02-12,Neon Strikers,Tita Esports,10.0,1.0,Overpass,Open Qualifier,64.0
Match-00237,11/09/2025,Neon Strikers,Omgea Team,14.0,13.0,Mirage,Cyberleague Primera,56.0
Match-00358,14/7/25,Iron Bears,Omega Team,7.0,15.0,Dust_2,Grand finals,22.0
Match-00380,2025-11-17,Byet Force,Cyberd Dragons,0.0,15.0,Haeven,Grand finals,
Match-00171,17/2/26,Crystal Gaming,Vortex Club,2.0,7.0,Haven,Qualifier,50.0
Match-00245,14/02/2025,Byte Force,Omega Team,2.0,12.0,Vértigo,Copa nac.,73.0
Match-00009,2026-01-09,Raptors GG,Omega Team,14.0,8.0,Mirage,Masters series,34.0
Match-00356,16 de diciembre de 2025,Iron baers,Byet Force,5.0,6.0,Ascnet,Cyberleague temporada Segunda,20.0
Match-00191,6/1/25,Phoenix Rising,Crystal Gaming,9.0,13.0,Inferno,Cyberleague Season Primera,64.0
Match-00108,04/04/2025,Tita Esports,Raptors GG,13.0,10.0,Dust2,Grand finals,20.0
Match-00341,2025-02-12,Titan Esports,Crystal Gaming,3.0,16.0,Bind,Open Qualifier,69.0
Match-00035,8-nov-2026,Crystal Gaming,Byte Force,999.0,8.0,Inferno,Copa nacional,49.0
Match-00011,2026-10-22,Dark Wolves,Thunder Esports,4.0,3.0,Vértigo,Open Qualifier,68.0
Match-00073,"septiembre 2, 2026",Blaze Team,Shadow Legion,4.0,1.0,Mirage,Grand finals,30.0
Match-00049,22/10/2026,Omega Team,Blaze Team,1.0,13.0,Haven,Open Qualifier,5.0
Match-00029,01-11-2025,Nova Squad,Thunder Esports,7.0,11.0,Nuke,Cyberleague Primera,39.0
Match-00051,14-jul-2025,Crystal Gaming,Arctic Foxes,1.0,0.0,Dust_2,Masters series,67.0
Match-00278,24/11/2025,Arctic Foxes,Eclipse,15.0,5.0,Bind,Grand finals,59.0
Match-00223,"agosto 25, 2026",Eclipse,Neon Strikers,1.0,5.0,Inferno,Cyberleague Primera,26.0
Match-00227,05/09/2026,Noav Squad,Neon Strikers,11.0,9.0,Haeven,Cyber league Primera,
Match-00092,2026-08-06,Omega Team,Ratpors GG,4.0,7.0,Bind,Copa nacional,72.0
Match-00299,"febrero 18, 2025",Raptors GG,Vortex Club,9.0,4.0,Inferno,Cyber league Primera,
Match-00296,18/06/2025,Eclipse,Raptors GG,14.0,8.0,Nuke,Masters series,61.0
Match-00259,2026-06-23,Noav Squad,Iron Bears,13.0,4.0,Mirage,Cyberleague Season Primera,0.0
Match-00091,6 de mayo de 2026,Neon Strikers,Omgea Team,8.0,7.0,Ascnet,Open Qualifier,37.0
Match-00036,1 de enero de 2025,Nova Squad,Zenith,5.0,10.0,Inferno,Cyberleague Primera,42.0
Match-00042,26 de febrero de 2026,Dark Wolves,Blaze Team,9.0,16.0,Ancient,Cyberleague Primera,55.0
Match-00249,28 de abril de 2026,Arctic Foxes,Raptors GG,12.0,0.0,Inferno,Open Qualifier,45.0
Match-00382,"septiembre 26, 2025",Thunder Esports,Thunder Esports,14.0,13.0,Inferno,Grand finals,31.0
Match-00286,"marzo 23, 2026",Phoenix Rising,Arctic Foxes,14.0,6.0,Ancient,Open,54.0
Match-00113,22/09/2026,Byte Force,Blaze Team,4.0,9.0,Bind,Cyberleague Segunda,40.0
Match-00390,6-jul-2025,Quantum Five,Quantum Five,11.0,11.0,Dust Segunda,Cyberleague Segunda,37.0
Match-00319,"abril 7, 2025",Thunder Esports,Dark Wolves,2.0,10.0,Bind,Copa nac.,32.0
Match-00339,2 de octubre de 2025,Blaze Team,Iron Bears,9.0,14.0,Haven,Master series,42.0
Match-00138,13-07-2025,Iron Bears,Nova Squad,12.0,10.0,Haven,Cyber league Segunda,45.0
Match-00381,11/2/25,Neon Strikers,Neon Strikers,13.0,7.0,Bind,Cyberleague temporada Primera,55.0
Match-00229,3/11/25,Raptors GG,Iron Bears,4.0,12.0,Ancient,Grand finals,45.0
Match-00389,7/2/25,Thunder Esports,Thunder Esports,15.0,16.0,Nuke,Copa nac.,52.0
Match-00187,22/11/2026,Dark Wolves,Eclipse,14.0,4.0,Inferno,Cyberleague Segunda,67.0
Match-00405,20-oct-2026,Ratpors GG,Eclipse,5.0,3.0,Ancient,Cyberleague Segunda,75.0
Match-00327,13 de abril de 2025,Titan Esports,Vortex Club,9.0,13.0,Nuke,Masters series,44.0
Match-00203,12/06/2025,Omega Team,Iron baers,2.0,6.0,Vértigo,Cyberleague Season Primera,28.0
Match-00241,"noviembre 23, 2026",Zenith,Blaze Team,5.0,15.0,Miraje,Cyber league Primera,33.0
Match-00323,26 de noviembre de 2025,Neon Strikers,Phoenix Rising,10.0,6.0,Miraje,Masters series,39.0
Match-00129,10/1/25,Crystal Gaming,Dark Wolves,8.0,1.0,Overpass,Cyberleague Segunda,0.0
Match-00398,25/03/2025,Neon Strikers,Cyberd Dragons,15.0,10.0,Ascent,Grand finals,60.0
Match-00288,17/07/2025,Vortex Club,Storm Gaming,1.0,11.0,Overpass,Gran final,36.0
Match-00023,"noviembre 11, 2025",Storm Gaming,Dark Wolves,0.0,15.0,Vértigo,Masters series,38.0
Match-00340,6-nov-2026,Quantum Five,Eclipse,3.0,12.0,Haven,Masters series,64.0
Match-00211,15 de diciembre de 2025,Arctic Foxes,Quantum Five,3.0,15.0,Mirage,Open,22.0
Match-00079,18 de julio de 2026,Omega Team,Vortex Club,15.0,5.0,Bind,Cyberleague temporada Segunda,43.0
Match-00294,07/05/2025,Blaze Team,Eclipse,15.0,0.0,Dust Segunda,Copa nacional,999.0
Match-00330,11-abr-2025,Byte Force,Raptors GG,10.0,8.0,Dust_2,Qualifier,39.0
Match-00353,6 de febrero de 2026,Dark Wolves,Shadow Legion,6.0,7.0,Nuke,Cyberleague Segunda,52.0
Match-00102,"junio 7, 2026",Quantum Five,Stomr Gaming,13.0,12.0,Dust2,Open Qualifier,35.0
Match-00252,6 de febrero de 2025,Arctic Foxes,Omgea Team,16.0,4.0,Vértigo,Cyberleague Primera,74.0
Match-00221,08/09/2025,Shado Legion,Neon Strikers,16.0,3.0,Nuke,Cyberleague Segunda,
Match-00052,7/10/25,Omega Team,Quantum Five,9.0,14.0,Ancient,Grand finals,
Match-00402,21/9/25,Dark Wolves,Omega Team,8.0,5.0,Inferno,Gran final,44.0
Match-00351,11-dic-2025,Dark Wolves,Vortex Club,8.0,10.0,Vértigo,Masters series,0.0
Match-00206,21 de septiembre de 2025,Cyberd Dragons,Crystal gamnig,9.0,13.0,Mirage,Cyberleague Segunda,63.0
Match-00096,14 de junio de 2026,Zenith,Cyber Dragons,12.0,2.0,Mirage,Grand final,25.0
Match-00180,5/10/26,Titan Esports,Neon Strikers,5.0,3.0,Inferno,Cyberleague Primera,64.0
Match-00003,05/08/2025,Quantum Five,Storm Gaming,2.0,7.0,Sin datos,Cyberleague temporada Primera,42.0
Match-00055,07/05/2026,Titan Esports,Omega Team,16.0,15.0,Ascent,Copa nacional,55.0
Match-00017,23/05/2026,Dark Wolves,Thunder Esports,12.0,4.0,Mirage,Cyberleague Primera,69.0
Match-00153,20-oct-2026,Nova Squad,Eclipse,5.0,3.0,Ancient,Cyberleague Segunda,75.0
Match-00169,2026-10-06,Eclipse,Iron baers,16.0,13.0,Vértigo,Masters,55.0
Match-00236,2025-02-14,Blaze Team,Phoenix Rising,11.0,999.0,Ascent,Masters series,42.0
Match-00335,16/4/25,Raptors GG,Byte Force,10.0,14.0,Ancient,Masters,
Match-00183,"marzo 21, 2025",Vortex Club,Iron Bears,1.0,12.0,Dust Segunda,Master series,37.0
Match-00354,"octubre 15, 2025",Quantum Five,Stomr Gaming,8.0,15.0,Over pass,Copa nacional,25.0
Match-00250,26/7/25,Shado Legion,Iron Bears,8.0,2.0,Ascent,Gran final,72.0
Match-00238,2025-08-04,Raptors GG,Nova Squad,10.0,15.0,Vértigo,Cyberleague temporada Primera,52.0
Match-00019,06-06-2025,Iron Bears,Quantum Five,2.0,9.0,Ancient,Copa nacional,21.0
Match-00318,5/3/26,Omega Team,Arctic Foxes,9.0,10.0,Vértigo,Open Qualifier,19.0
Match-00365,11 de noviembre de 2025,Quantum Five,Eclipse,7.0,11.0,Ascent,Copa nacional,62.0
Match-00112,12-09-2026,Cyber Dragons,Iron Bears,0.0,16.0,Overpas,Copa nacional,44.0
Match-00202,25/07/2025,Nova Squad,Thunder Esports,6.0,2.0,Dust2,Copa nacional,59.0
Match-00292,15/12/2025,Cyber Dragons,Thunder Esports,16.0,16.0,Mirage,Masters series,27.0
Match-00002,10-dic-2025,Shadow Legion,Eclipse,5.0,0.0,Overpass,Grand final,64.0
Match-00110,11 de abril de 2026,Thunder Esports,Neon Strikers,11.0,14.0,Mirage,Masters series,66.0
Match-00136,23 de febrero de 2026,Storm Gaming,Vortex Club,4.0,16.0,Dust_2,Copa nacional,74.0
Match-00151,27/6/25,Blaze Team,Phoenix Rising,15.0,2.0,Mirage,Cyberleague temporada Segunda,71.0
Match-00248,27/06/2025,Cyber Dragons,Raptors GG,0.0,1.0,Haven,Grand finals,73.0
Match-00154,2026-05-07,Iron Bears,Stomr Gaming,9.0,5.0,Ascent,Master series,0.0
Match-00149,2025-04-23,Iron Bears,Crystal Gaming,1.0,0.0,Miraje,Open,27.0
Match-00061,05/11/2025,Cyber Dragons,Eclipse,11.0,0.0,Ancient,Copa nacional,55.0
Match-00277,10/3/25,Omega Team,Iron Bears,15.0,11.0,Bind,Cyberleague Season Primera,48.0
Match-00385,2025-01-22,Eclipse,Eclipse,13.0,9.0,Ancient,Cyber league Segunda,51.0
Match-00174,24 de enero de 2025,Quantum Five,Vortex Club,5.0,4.0,Overpass,Copa nacional,62.0
Match-00058,2025-02-24,Titan Esports,Blaze Team,0.0,14.0,Bind,Grand finals,
Match-00192,23-oct-2025,Zenith,Eclipse,5.0,15.0,Nuke,Cyberleague Segunda,59.0
Match-00088,27/4/26,Vortex Club,Tita Esports,11.0,4.0,Nuke,Cyberleague Segunda,69.0
Match-00195,"agosto 17, 2025",Thunder Esports,Shadow Legion,2.0,7.0,Mirage,Cyberleague Primera,66.0
Match-00254,28/12/2025,Byte Force,Iron Bears,1.0,12.0,Nuke,Copa nacional,0.0
Match-00217,21/12/2025,Arctic Foxes,Zenith,0.0,3.0,Mirage,Masters,68.0
Match-00027,25/03/2025,Zenith,Cyberd Dragons,15.0,10.0,Ascent,Grand finals,60.0
Match-00181,25-may-2025,Nova Squad,Vortex Club,12.0,12.0,Miraje,Cyberleague Primera,41.0
Match-00342,2025-12-13,Byte Force,Iron Bears,12.0,1.0,Bind,Copa nacional,20.0
Match-00069,3-abr-2025,Omega Team,Dark Wolves,11.0,7.0,Nuke,Master series,22.0
Match-00188,2025-11-05,Quantum Five,Darkwolves,5.0,1.0,Nuke,Grand finals,
Match-00039,17/6/26,Blaze Team,Quantum Five,3.0,13.0,Nuke,Grand finals,62.0
Match-00090,12/9/26,Eclipse,Crystal Gaming,5.0,14.0,Ancient,Cyberleague Primera,27.0
Match-00116,27-02-2025,Voretx Club,Thunder Esports,2.0,6.0,Dust2,Grand final,53.0
Match-00269,"julio 10, 2026",Cyber Dragons,Noav Squad,1.0,2.0,Nuke,Qualifier,22.0
Match-00087,2025-08-11,Noav Squad,Byte Force,6.0,8.0,Ancient,Cyberleague Segunda,31.0
Match-00230,"julio 24, 2026",Quantum Five,Ratpors GG,8.0,8.0,Inferno,Cyberleague temporada Segunda,68.0
Match-00311,15/09/2026,Eclipse,Voretx Club,999.0,16.0,Sin datos,Grand finals,68.0
Match-00022,16/2/25,Quantum Five,Arctic Foxes,10.0,8.0,Overpass,Grand finals,60.0
Match-00383,23/03/2025,Quantumfive,Quantum Five,10.0,6.0,Dust2,Open Qualifier,30.0
Match-00271,28-jun-2025,Zenith,Iron Bears,6.0,5.0,Vértigo,Sin datos,25.0
Match-00126,12-jun-2026,Eclipse,Omega Team,0.0,9.0,Ascent,Cyberleague temporada Segunda,30.0
Match-00177,13-ago-2025,Crystal gamnig,Eclipse,16.0,1.0,Dust_2,Copa nacional,26.0
Match-00274,04-01-2025,Zenith,Cyber Dragons,4.0,14.0,Haven,Masters,51.0
Match-00384,18-may-2025,Byte Force,Byte Force,6.0,6.0,Ancient,Copa nac.,30.0
Match-00004,"diciembre 1, 2025",Byet Force,Ratpors GG,12.0,14.0,Overpass,Cyber league Primera,66.0
Match-00098,2025-09-02,Neon Strikers,Cyber Dragons,12.0,16.0,Inferno,Masters series,
Match-00316,26-11-2025,Quantum Five,Neon Strikers,14.0,16.0,Ascent,Grand final,
Match-00008,3/5/26,Phoenix Rising,Storm Gaming,3.0,9.0,Miraje,Grand finals,70.0
Match-00208,12-08-2025,Arctic Foxes,Shadow Legion,1.0,4.0,Overpas,Cyberleague Segunda,42.0
Match-00064,"agosto 15, 2025",Quantum Five,Byte Force,9.0,4.0,Nuke,Copa nacional,56.0
Match-00273,"enero 23, 2025",Cyber Dragons,Phoenix Rising,0.0,6.0,Nuke,Cyberleague Primera,50.0
Match-00264,9 de noviembre de 2026,Byte Force,Iron Bears,0.0,10.0,Haven,Masters series,22.0
Match-00255,7-dic-2025,Zenith,Crystal Gaming,8.0,9.0,Inferno,Cyberleague Segunda,67.0
Match-00246,8-feb-2026,Blaze Team,Crystal Gaming,3.0,10.0,Overpass,Master series,41.0
Match-00070,21/9/25,Dark Wolves,Omega Team,8.0,5.0,Inferno,Gran final,44.0
Match-00261,09/08/2025,Dark Wolves,Vortex Club,14.0,13.0,Miraje,Cyberleague temporada Primera,27.0
Match-00347,"abril 7, 2025",Thunder Esports,Raptors GG,3.0,10.0,Bind,Cyberleague Primera,7.0
Match-00218,"febrero 12, 2026",Eclipse,Vortex Club,0.0,8.0,Haven,Grand finals,30.0
Match-00006,23/08/2025,Byte Force,Omega Team,13.0,5.0,Vértigo,Open,58.0
Match-00253,2025-02-14,Blaze Team,Nova Squad,5.0,12.0,Overpas,Cyber league Segunda,44.0
Match-00284,5-ago-2025,Zenith,Thnuder Esports,16.0,2.0,Ascent,Cyberleague temporada Primera,25.0
Match-00374,16-oct-2025,Crystal Gaming,Neon Strikers,15.0,9.0,Overpass,Grand finals,999.0
Match-00044,27-mar-2026,Neon srtikers,Dark Wolves,3.0,8.0,Miraje,Masters series,59.0
Match-00030,11-sep-2026,Arctic Foxes,Iron Bears,4.0,10.0,Ancient,Open Qualifier,51.0
Match-00295,5-oct-2025,Nova Squad,Eclipse,16.0,14.0,Haven,Grand final,68.0
Match-00085,13/8/26,Thnuder Esports,Quantumfive,15.0,7.0,Overpass,Gran final,68.0
Match-00048,23-10-2025,Thunder Esports,Titan Esports,11.0,4.0,Nuke,Cyberleague Segunda,65.0
Match-00123,11/1/26,Raptors GG,Dark Wolves,4.0,10.0,Over pass,Qualifier,52.0
Match-00040,17 de marzo de 2026,Thunder Esports,Dark Wolves,15.0,5.0,Dust Segunda,Grand finals,24.0
Match-00041,"agosto 15, 2026",Raptors GG,Eclipse,14.0,2.0,Nuke,Cyberleague Primera,74.0
Match-00325,28-may-2025,Nova Squad,Storm Gaming,16.0,15.0,Dust2,Grand finals,33.0
Match-00047,15 de mayo de 2025,Storm Gaming,Arctic Foxes,4.0,13.0,Bind,Copa nacional,58.0
Match-00161,"noviembre 11, 2025",Omega Team,Eclipse,14.0,999.0,Mirage,Grand finals,
Match-00209,2/2/25,Shadow Legion,Cyber Dragons,4.0,14.0,Mirage,Cyberleague Segunda,36.0
Match-00370,24-11-2026,Iron Bears,Neon Strikers,2.0,10.0,Mirage,Open,75.0
Match-00045,"noviembre 19, 2025",Neon Strikers,Zenith,14.0,14.0,Dust_2,Grand finals,62.0
Match-00326,"agosto 6, 2025",Crystal Gaming,Omega Team,11.0,16.0,Haeven,Qualifier,64.0
Match-00157,9 de mayo de 2026,Titan Esports,Omega Team,10.0,14.0,Nuke,Cyber league Segunda,62.0
Match-00118,11/6/26,Shadow Legion,Blaze Team,10.0,11.0,Vértigo,Masters,46.0
Match-00368,26/10/26,Arctic Foxes,Titan Esports,1.0,4.0,Miraje,Open Qualifier,51.0
Match-00267,13-08-2026,Omega Team,Thnuder Esports,8.0,13.0,Nuke,Master series,25.0
Match-00220,23 de diciembre de 2025,Nova Squad,Arctic Foxes,3.0,11.0,Over pass,Gran final,72.0
Match-00142,13 de diciembre de 2026,Zenith,Omega Team,5.0,12.0,Inferno,Open Qualifier,55.0
Match-00147,16/5/25,Byte Force,Zenith,3.0,8.0,Ancient,Cyberleague Primera,41.0
Match-00258,13-10-2025,Dark Wolves,Phoenix Rising,12.0,11.0,Overpass,Qualifier,28.0
Match-00240,26 de junio de 2025,Crystal Gaming,Iron baers,9.0,16.0,Bind,Cyberleague Segunda,71.0
Match-00182,4/8/25,Titan Esports,Eclipse,13.0,6.0,Mirage,Grand finals,59.0
Match-00225,2026-02-04,Quantum Five,Storm Gaming,0.0,16.0,Ancient,Open Qualifier,33.0
Match-00094,4-nov-2026,Dark Wolves,Storm Gaming,10.0,8.0,Overpass,Master series,43.0
Match-00235,16/05/2026,Shadow Legion,Thunder Esports,12.0,11.0,Dust2,Masters series,69.0
Match-00362,23-mar-2025,Eclipse,Shadow Legion,6.0,15.0,Mirage,Copa nacional,
Match-00215,2025-07-21,Blaze Team,Raptors GG,13.0,5.0,Inferno,Cyberleague Primera,55.0
Match-00312,23/4/26,Byte Force,Quantum Five,2.0,7.0,Dust2,Gran final,32.0
Match-00348,10-jul-2026,Omega Team,Dark Wolves,15.0,3.0,Inferno,Cyberleague Segunda,65.0
Match-00128,"enero 11, 2025",Neon Strikers,Nova Squad,6.0,6.0,Haven,Masters series,54.0
Match-00363,20/11/2025,Titan Esports,Arctic Foxes,5.0,2.0,Bind,Masters series,38.0
Match-00190,06/07/2025,Byte Force,Cyber Dragons,5.0,14.0,Overpas,Cyberleague temporada Segunda,0.0
Match-00328,"abril 19, 2025",Arctic Foxes,Iron Bears,14.0,16.0,Ancient,Copa nacional,59.0
Match-00372,10/1/25,Nova Squad,Eclipse,6.0,12.0,Vértigo,Grand finals,47.0
Match-00028,05/02/2026,Shadow Legion,Quantumfive,13.0,13.0,Mirage,Masters series,45.0
Match-00137,25-jul-2025,Shadow Legion,Storm Gaming,8.0,13.0,Nuke,Cyberleague temporada Primera,34.0
Match-00377,10/08/2025,Blaze Team,Cyber Dragons,6.0,6.0,Haven,Grand finals,71.0
Match-00291,"septiembre 13, 2026",Zenith,Byte Force,16.0,12.0,Ascnet,Gran final,75.0
Match-00194,2-nov-2025,Iron Bears,Crystal gamnig,11.0,9.0,Mirage,Cyberleague Segunda,33.0
Match-00074,06-08-2025,Titan Esports,Iron Bears,13.0,4.0,Vértigo,Masters series,70.0
Match-00065,24-11-2025,Eclipse,Vortex Club,15.0,14.0,Ascent,Cyberleague Segunda,48.0
Match-00337,24-ago-2025,Neon Strikers,Shadow Legion,12.0,6.0,Ancient,Masters series,28.0
Match-00080,4/3/25,Neon Strikers,Vortex Club,16.0,12.0,Haven,Grand finals,70.0
Match-00366,28-feb-2026,Ratpors GG,Cyber Dragons,8.0,7.0,Dust_2,Open Qualifier,0.0
Match-00263,"agosto 22, 2025",Shadow Legion,Zenith,10.0,0.0,Inferno,Cyberleague Segunda,38.0
Match-00352,02/09/2025,Nova Squad,Omega Team,7.0,12.0,Nuke,Cyberleague Segunda,53.0
Match-00005,2025-08-03,Iron baers,Quantum Five,9.0,0.0,Nuke,Cyberleague Segunda,
Match-00133,15-jun-2026,Cyber Dragons,Zenith,4.0,6.0,Overpass,Open Qualifier,61.0
Match-00066,21-12-2025,Cyber Dragons,Blaze Team,2.0,0.0,Nuke,Copa nacional,0.0
Match-00304,2026-01-06,Titan Esports,Quantumfive,2.0,9.0,Ancient,Copa nacional,25.0
